id,first_name,last_name,date,time,ints,decimals
1,Fanechka,Spracklin,2020-04-22,1:05 AM,68,8.007
2,Chas,Barmby,2020-01-13,7:15 PM,98,78.039
3,Drew,Losselyong,2020-05-13,11:08 AM,44,63.834
4,Lissy,Lownds,2019-08-21,4:51 PM,81,91.437
5,Farlay,Fish,2019-11-16,11:33 AM,6,39.099
6,Leann,Dahl,2020-03-19,3:32 PM,10,80.721
7,Katinka,Esposita,2019-09-15,5:18 PM,41,43.716
8,Trista,Furze,2019-10-11,2:47 PM,84,78.989
9,Purcell,Langforth,2019-09-06,3:15 AM,94,94.945
10,Dagny,Storm,2020-04-18,11:44 PM,61,62.864
11,Ericha,Axtens,2020-02-05,4:33 PM,89,53.523
12,Holden,Deedes,2020-07-22,7:59 PM,84,29.63
13,Parnell,Tythe,2020-05-20,9:35 AM,28,62.286
14,Wolfie,Aldrich,2019-11-03,8:50 AM,37,47.822
15,Isabel,Farge,2020-05-30,3:34 PM,81,33.095
16,Base,Kuhndel,2019-11-27,8:35 PM,45,48.418
17,Rorie,Wardroper,2020-06-13,10:23 AM,42,13.226
18,Dicky,Pentycost,2020-01-18,3:21 AM,94,90.671
19,Padget,Stanton,2020-04-25,6:21 AM,12,4.672
20,Smitty,MacGowan,2020-03-28,2:38 PM,61,60.579
21,Elle,Arnowitz,2020-08-09,9:21 PM,33,2.776
22,Cara,Birtles,2020-05-25,2:34 PM,63,56.372
23,Lelah,Casarili,2019-12-20,10:10 PM,79,46.201
24,Cal,Ollington,2020-06-27,2:37 PM,25,32.459
25,Shandy,Bouzan,2019-11-11,9:37 PM,79,25.226
26,Cosetta,Stolte,2020-02-23,5:47 AM,72,67.134
27,Kathe,Lecky,2020-03-27,5:17 AM,49,46.388
28,Adelbert,McCandie,2019-09-10,2:46 AM,37,82.511
29,Pegeen,Dowbekin,2020-06-19,4:51 PM,76,38.951
30,Robina,Gerritzen,2020-05-18,1:57 PM,5,25.627
31,Melosa,Toping,2020-05-09,3:56 PM,100,23.389
32,Will,Ison,2019-11-17,2:12 PM,49,41.614
33,Emmalynne,Gascar,2019-11-12,3:41 AM,90,64.859
34,Cherilynn,Wellbeloved,2020-03-15,7:22 PM,4,7.609
35,Kanya,Whitfeld,2019-12-23,2:30 AM,3,65.97
36,Van,Aleavy,2020-02-03,3:19 PM,19,4.78
37,Evvie,Adey,2020-06-02,2:27 PM,79,34.067
38,Yolanda,Keasy,2020-04-13,11:54 PM,23,6.632
39,Josselyn,Domican,2019-12-19,6:06 AM,66,33.713
40,Trent,Wookey,2020-02-02,6:58 PM,89,59.839
41,Reinwald,Renehan,2020-05-24,10:12 PM,87,73.651
42,Bentlee,Redrup,2019-09-27,5:19 PM,75,30.238
43,Beverie,Lumox,2020-08-20,7:45 AM,55,83.511
44,Wendell,Cotterel,2019-12-01,12:09 AM,81,2.765
45,Wilhelm,Ortells,2020-07-28,11:05 PM,52,88.856
46,Kettie,Redpath,2019-09-03,7:24 AM,18,53.531
47,Clareta,Churchyard,2020-03-16,10:04 AM,81,74.923
48,Eugine,Castanie,2020-01-03,10:10 AM,51,85.623
49,Georgianne,Petrazzi,2020-04-09,8:08 AM,44,31.775
50,Yule,Remon,2019-09-26,1:04 PM,71,35.442
51,Marina,Feltham,2020-08-01,12:36 PM,100,87.14
52,Rafaelia,Leil,2020-04-04,12:12 PM,57,89.263
53,Angie,Coetzee,2020-04-01,6:42 PM,77,73.847
54,Cheri,Peteri,2020-04-08,7:10 PM,68,89.781
55,Sophia,Fance,2020-02-15,10:45 PM,63,95.921
56,Malynda,Gilpillan,2020-02-10,1:48 AM,70,27.17
57,Aurore,Goodinge,2020-05-03,6:31 AM,6,27.526
58,Quentin,Lyons,2019-10-26,10:57 PM,58,15.654
59,Rustin,Bache,2020-03-09,12:34 PM,58,36.556
60,Ardyth,Faulo,2020-07-14,12:52 AM,14,47.957
61,Margeaux,Tiddeman,2020-02-05,2:39 AM,6,49.023
62,Allyson,Feighney,2020-07-25,7:25 AM,28,69.835
63,Melba,Freddi,2020-07-11,7:49 AM,40,78.197
64,Jeanna,Nurden,2019-09-03,12:51 PM,10,72.566
65,Ambros,Heinrici,2019-09-27,10:48 PM,72,53.085
66,Vina,Aronstein,2019-08-28,3:54 AM,47,23.708
67,Valencia,Noddings,2020-03-16,4:34 PM,47,62.835
68,Jenica,Sowley,2020-02-17,1:10 AM,16,66.699
69,Lorrayne,Merwede,2019-11-11,12:37 AM,31,80.458
70,Julienne,Pape,2019-12-22,2:29 PM,19,53.881
71,Jephthah,Volante,2020-04-02,6:11 AM,82,11.667
72,Vinny,Birkmyr,2020-04-07,4:11 AM,26,75.76
73,Giles,Iacovacci,2019-09-08,10:40 PM,58,35.525
74,Hildegarde,Wortley,2020-07-08,10:54 AM,40,5.896
75,Jodi,Tordiffe,2020-01-22,4:17 PM,71,24.683
76,Linn,Haselhurst,2020-04-12,3:59 PM,66,25.204
77,Jeanine,Picknett,2020-07-09,10:25 AM,79,73.697
78,Trevar,Francois,2020-06-11,5:29 AM,68,94.845
79,Kerianne,Lowthian,2020-06-22,7:22 PM,85,51.404
80,Daron,Aberkirdo,2020-04-05,5:02 AM,79,18.685
81,Chevy,Pendrill,2020-02-26,6:57 AM,71,55.78
82,Phyllis,Grinyov,2019-09-14,9:00 AM,55,18.219
83,Waverly,Borsnall,2019-09-18,9:00 PM,61,84.05
84,Drusi,Scoates,2020-05-15,3:18 AM,62,87.454
85,Wilfred,Castagneri,2020-07-04,11:00 PM,68,81.2
86,Lynnea,Wallbutton,2019-10-26,12:36 PM,55,65.461
87,Padraic,Joddens,2020-05-07,12:50 PM,22,23.268
88,Amber,LLelweln,2019-12-19,2:24 AM,19,79.063
89,Berk,McLinden,2019-12-24,8:22 AM,45,4.923
90,Reube,Todeo,2020-02-03,2:49 PM,48,58.955
91,Petronia,Orme,2019-12-31,10:37 AM,1,11.976
92,Dorita,Rush,2020-04-25,7:32 PM,80,72.19
93,Thebault,Dimitriou,2019-10-12,6:23 AM,68,18.433
94,Kippy,McFarlan,2020-06-06,8:39 AM,18,71.62
95,Edie,Douris,2020-06-23,9:38 PM,38,54.435
96,Barnett,Detheridge,2020-04-07,9:46 PM,32,98.947
97,Kelley,Giraudat,2020-08-05,9:08 PM,1,63.54
98,Karlen,Zupa,2020-04-24,7:03 AM,68,33.048
99,Cy,Nevison,2020-07-10,6:41 PM,94,64.745
100,Chev,McBlain,2020-06-19,8:05 AM,67,1.72
101,Jeane,Murie,2020-05-27,10:59 PM,38,91.734
102,Margalit,Alman,2019-10-24,6:46 AM,80,98.422
103,Richart,Heinecke,2020-01-21,9:46 PM,93,65.983
104,Sisely,Bezemer,2020-07-31,6:56 PM,24,27.03
105,Rickie,Astill,2019-09-29,8:17 PM,53,92.446
106,Korrie,Simko,2019-12-14,1:10 AM,37,47.073
107,Robinia,Merryweather,2019-09-01,4:00 PM,10,81.175
108,Roch,Yakobovitz,2020-01-11,12:00 PM,83,76.796
109,Cathe,Perazzo,2020-01-05,5:22 AM,73,13.406
110,Belva,Haggerwood,2020-07-27,11:08 PM,77,4.092
111,Jania,Bougen,2020-03-02,9:15 PM,11,59.24
112,Dayle,Belcher,2019-11-28,12:57 AM,26,53.675
113,Antonie,Gowdridge,2019-12-01,8:25 PM,89,83.442
114,Deanne,St. Paul,2019-12-15,7:20 PM,58,84.95
115,Sibella,Kuhne,2020-05-29,11:06 AM,88,73.034
116,Maegan,Bothbie,2019-12-25,11:25 AM,61,18.12
117,Massimo,Yarnley,2020-04-10,3:04 PM,12,93.855
118,Andi,Springthorpe,2019-10-01,2:50 PM,79,27.526
119,Avril,Thorouggood,2019-12-20,6:24 AM,64,87.814
120,Torr,Saunderson,2020-02-19,7:30 AM,97,6.053
121,Faustine,Nolda,2020-04-22,10:02 PM,77,47.979
122,Joella,Berfoot,2019-10-21,5:35 PM,11,43.457
123,Nicolais,Jozwiak,2020-05-24,7:22 PM,25,78.829
124,Ameline,Ault,2019-12-21,2:42 AM,25,64.239
125,Dynah,Tancock,2019-10-04,6:22 PM,53,69.916
126,La verne,De Lasci,2020-01-17,6:42 PM,69,96.141
127,Wolfy,Lapides,2020-05-29,11:12 AM,89,40.164
128,Vikki,Rawstorne,2020-07-25,8:58 PM,41,33.798
129,Wiatt,Parkeson,2019-09-26,2:37 AM,48,25.616
130,Carey,McCorry,2020-01-08,9:49 PM,69,12.694
131,Zechariah,Ancliff,2020-04-07,5:12 AM,1,37.252
132,Regan,MacCaull,2020-05-29,12:52 AM,24,36.505
133,Vanny,Janek,2020-06-15,5:31 PM,81,53.965
134,Marketa,Gibbens,2020-03-02,4:06 PM,73,6.728
135,Mead,Basili,2020-03-14,8:10 PM,78,58.525
136,Maye,Archibould,2020-04-21,6:33 PM,62,49.421
137,Mechelle,Fraczkiewicz,2019-12-29,9:14 PM,15,45.212
138,Meir,Ioan,2020-01-12,5:29 PM,53,31.959
139,Cart,Trighton,2020-03-11,3:49 PM,93,46.918
140,Delcina,Zimmer,2020-04-03,1:14 AM,13,48.608
141,Archer,Innman,2020-06-05,1:34 AM,21,73.606
142,Schuyler,Skahill,2020-01-16,11:03 AM,19,23.306
143,Martyn,Thornber,2019-12-13,11:57 AM,61,65.207
144,Micheil,Fleetham,2020-03-10,1:21 AM,95,94.282
145,Abbe,Hamson,2020-06-18,12:32 PM,44,92.144
146,Ebony,Minette,2020-01-14,2:59 PM,32,61.645
147,Kevan,Prin,2020-01-29,4:52 PM,3,84.122
148,Wallis,Bigmore,2020-07-05,5:32 AM,8,12.669
149,Winni,Crush,2020-08-01,11:01 AM,3,98.084
150,Gusella,Crewes,2020-02-25,3:56 AM,58,81.012
151,Giffard,Jakubczyk,2020-07-04,10:51 AM,48,66.008
152,Lock,Snook,2019-08-22,4:41 PM,85,50.132
153,Gerri,Guidotti,2019-09-08,2:16 PM,78,28.993
154,Catrina,MacMaykin,2019-09-06,10:56 PM,44,31.252
155,Jacky,Brocklebank,2019-10-20,9:31 PM,62,24.239
156,Karlens,Bouda,2020-06-26,2:03 AM,81,18.437
157,Sibeal,Grahlmans,2019-12-11,10:00 AM,80,90.932
158,Web,Sails,2020-01-05,12:20 PM,91,54.171
159,Robin,Brecon,2019-11-19,5:28 AM,38,7.143
160,Daryl,Vockins,2020-04-12,2:05 AM,44,75.021
161,Dee,Gager,2020-01-22,11:43 PM,48,65.564
162,Ruddy,Leidl,2020-06-23,7:56 PM,18,94.135
163,Erina,Balint,2020-06-28,5:41 AM,94,83.534
164,Susi,Alcoran,2019-12-16,1:14 AM,22,57.829
165,Sarine,Challenger,2019-11-24,3:01 PM,30,24.433
166,Turner,Weddeburn,2020-03-23,10:53 PM,7,20.101
167,Tanny,Yirrell,2020-01-27,10:40 AM,9,93.07
168,Malvin,Fenner,2020-07-08,5:26 AM,95,21.242
169,Tory,Paik,2020-01-20,6:40 PM,98,97.021
170,Fulvia,Arsnell,2019-12-25,8:20 PM,59,26.944
171,Alexi,De Freyne,2020-04-28,3:26 PM,40,43.547
172,Demetra,Stovold,2019-09-07,7:00 AM,49,56.211
173,Ruthie,Jameson,2020-08-06,8:57 AM,27,89.895
174,Sella,Gallamore,2020-04-15,4:25 AM,88,8.374
175,Salvador,Westcar,2020-08-03,1:01 AM,13,84.528
176,Flora,Grishagin,2019-12-30,4:36 AM,75,45.74
177,Jemimah,Pumfrey,2019-09-19,8:32 AM,62,77.768
178,Vale,Potes,2019-09-27,1:17 PM,91,63.084
179,Harrietta,Megson,2019-12-30,3:31 AM,1,13.584
180,Winna,Roundtree,2020-01-04,6:44 PM,16,21.344
181,Brien,Adrain,2020-02-25,3:11 PM,85,43.787
182,Hanni,Eard,2020-04-06,9:36 AM,9,81.147
183,Harmony,Mangeot,2020-04-05,9:44 AM,18,93.018
184,Sibeal,Guild,2020-02-06,12:21 PM,84,56.509
185,Reidar,Linne,2019-09-27,11:55 AM,3,32.821
186,Lanny,Culter,2020-07-10,1:28 AM,100,41.824
187,Dina,MacCartair,2020-05-27,7:37 AM,75,10.792
188,Allix,Buchan,2019-11-22,6:56 AM,45,21.589
189,Austen,Oby,2020-03-06,3:48 PM,61,59.114
190,Sherill,Badham,2019-11-19,2:43 AM,66,15.416
191,Leoine,Packington,2020-02-23,2:05 PM,23,17.457
192,Gilda,Hornig,2020-05-11,3:01 AM,5,25.933
193,Tilly,Brent,2020-01-09,5:24 AM,42,42.117
194,Cristin,Ducroe,2019-12-07,9:24 PM,40,34.765
195,Kathye,Ivkovic,2019-10-12,10:15 AM,13,44.305
196,Svend,Bazek,2019-11-22,12:11 AM,14,76.164
197,Wilton,Gallahar,2020-07-11,8:43 AM,99,60.487
198,Olva,Ainscow,2019-09-29,4:53 PM,22,9.797
199,Harley,Hansford,2020-01-12,6:50 AM,48,15.736
200,Goldina,MacQueen,2020-01-06,2:55 PM,40,95.157
201,Etta,Castille,2019-12-31,9:26 AM,53,74.299
202,Harley,Dicte,2019-08-23,3:18 PM,95,31.97
203,Sherye,Bradborne,2019-11-25,6:50 PM,41,62.527
204,Druci,Castelot,2019-10-05,1:53 PM,4,22.168
205,Tome,Cicco,2020-06-05,11:16 AM,93,62.747
206,Kylie,Dadson,2019-12-28,2:03 AM,46,19.165
207,Gian,Sowte,2020-03-31,10:23 AM,67,85.63
208,Sauncho,Beckwith,2020-06-06,2:26 AM,16,73.445
209,Karyl,Chatband,2019-09-14,10:30 PM,21,65.588
210,Isaiah,Otridge,2020-01-26,1:11 AM,33,64.205
211,Idalina,Lepard,2020-02-01,2:02 AM,87,47.504
212,Raynor,Abele,2020-03-13,3:07 PM,83,6.028
213,Isacco,Iles,2020-03-12,4:36 PM,35,63.311
214,Deanne,Lafaye,2019-10-13,6:34 PM,14,59.766
215,Kellyann,Farfalameev,2019-08-22,8:09 PM,99,73.644
216,Kelwin,Bolle,2020-03-28,4:36 PM,77,40.679
217,Carlene,McGrowther,2020-02-25,6:10 PM,68,20.902
218,Garrik,Mearing,2020-02-23,3:06 AM,87,7.405
219,Shaughn,Trunkfield,2019-12-26,10:52 AM,17,93.205
220,Georges,Stainland,2019-11-18,6:24 PM,16,37.637
221,Woody,Bucklee,2019-09-18,6:15 AM,88,57.181
222,Minnie,Sibbit,2019-11-27,8:10 AM,58,46.924
223,Perl,Willcocks,2020-08-13,5:33 AM,42,27.506
224,Roanna,Gennerich,2020-01-19,8:46 PM,11,60.866
225,Carmina,Shawdforth,2020-03-17,7:43 AM,4,79.914
226,Melesa,Loude,2020-02-28,9:34 PM,8,80.29
227,Eleonora,Gosnall,2020-05-08,12:24 AM,54,68.981
228,Fancy,Fakes,2019-10-17,11:03 AM,31,14.671
229,Roze,Paddon,2020-05-09,4:55 PM,48,17.147
230,Rhea,Woods,2020-04-22,1:08 AM,30,2.406
231,Klaus,Tolchar,2020-08-10,1:15 PM,17,93.646
232,Obadias,Bullas,2019-11-16,10:40 PM,91,74.671
233,Dun,Jermey,2019-12-14,8:01 AM,33,32.054
234,Berky,Snalum,2020-03-03,12:24 PM,40,53.293
235,Wally,Vinnicombe,2019-12-10,3:56 PM,20,80.453
236,Elisha,Wilcocks,2020-06-27,1:26 AM,43,12.109
237,Dre,Tadman,2019-08-26,5:16 PM,82,90.701
238,Annamarie,McCafferky,2019-09-26,1:52 PM,70,20.207
239,Clerc,Epdell,2020-07-20,8:32 PM,60,25.602
240,Jemimah,Slevin,2019-09-21,10:02 AM,94,13.132
241,Paulie,Mattheis,2020-03-12,5:07 PM,9,16.385
242,Kerry,Derges,2020-08-14,10:11 AM,42,59.332
243,Oralia,Cogin,2019-11-29,6:49 AM,72,91.03
244,Adaline,Bollans,2020-01-04,11:02 PM,54,45.255
245,Kerk,Blennerhassett,2020-06-23,11:17 PM,38,12.88
246,Ramonda,Maunsell,2019-09-02,2:25 AM,41,87.986
247,Jens,Goslin,2020-01-02,8:38 PM,64,43.169
248,Tommy,Boutellier,2019-09-11,12:06 PM,65,64.973
249,Gwenora,Granleese,2020-03-16,3:12 PM,12,42.141
250,Asher,Jantot,2020-01-29,5:33 PM,44,40.108
251,Donavon,Cushelly,2020-02-22,8:06 AM,69,14.036
252,Anthiathia,Mayhow,2020-01-03,9:32 AM,83,56.525
253,Frederich,Persich,2020-07-28,3:26 AM,22,66.953
254,Friedrick,Shapcott,2019-11-08,11:18 PM,71,64.371
255,Tobiah,Gumbley,2020-03-17,4:29 PM,17,82.595
256,Ward,Danelutti,2019-12-27,6:39 AM,80,40.895
257,Dorothy,Crockford,2020-02-14,4:41 PM,96,9.416
258,Sheree,Murfin,2020-01-23,11:11 AM,53,60.248
259,Phip,Minghella,2020-05-01,2:51 PM,40,83.055
260,Rudie,Strothers,2020-03-17,5:26 AM,2,59.92
261,Ara,Merrett,2020-03-05,1:18 PM,40,26.563
262,Ruby,Mountlow,2019-11-13,4:41 PM,53,95.017
263,Shir,Florio,2019-12-21,9:51 AM,27,76.702
264,Cam,Brise,2019-10-30,8:58 PM,57,10.464
265,Jacquette,Dugald,2020-05-09,10:01 PM,14,69.388
266,Krysta,Torvey,2019-10-06,11:08 AM,42,22.912
267,Isaac,Yashnov,2020-04-05,4:39 AM,40,30.615
268,Keven,Pelos,2020-01-24,4:08 PM,10,61.835
269,Jerrold,Baughn,2020-03-03,11:47 PM,98,39.755
270,Beniamino,Ashburne,2019-12-17,9:13 AM,41,72.957
271,Jolynn,D'Alessio,2020-01-13,10:29 AM,79,27.567
272,Grethel,Flawn,2020-01-10,10:40 AM,66,83.174
273,Zabrina,O'Hartigan,2020-04-10,1:21 PM,77,63.69
274,Liliane,Casari,2020-01-20,9:52 PM,22,40.044
275,Gill,Everley,2019-10-03,3:50 AM,92,48.505
276,Ken,Blincowe,2019-08-26,5:39 PM,33,76.408
277,Arvie,Cathro,2019-08-27,2:07 PM,77,87.241
278,Dodi,Maunder,2020-06-05,7:22 AM,35,97.532
279,Demetrius,Shepherdson,2019-10-18,3:35 PM,28,50.336
280,Saidee,Herity,2020-07-20,6:50 PM,95,29.933
281,Jabez,Scimonelli,2020-07-16,5:41 AM,26,22.967
282,Konrad,Cockhill,2019-12-30,3:23 PM,51,10.999
283,Wally,McKennan,2020-02-05,11:07 PM,81,97.678
284,Abram,Flahive,2020-08-03,11:08 AM,14,82.554
285,Daveta,Currier,2020-07-23,2:41 PM,97,3.301
286,Wake,Bandey,2020-05-28,7:29 PM,63,56.001
287,Averill,Steadman,2020-01-02,4:02 AM,16,23.865
288,Pandora,Elleton,2020-06-13,6:16 AM,12,29.451
289,Jan,Norwich,2020-03-17,7:44 AM,94,35.994
290,Georgina,Bowater,2020-01-28,6:51 AM,44,73.339
291,Lacey,Dearnley,2019-12-01,1:12 PM,56,17.639
292,Arlyne,Hickinbottom,2020-01-10,6:22 PM,40,72.471
293,Kai,Clemerson,2020-02-18,4:53 AM,89,34.725
294,Karolina,Morin,2020-03-28,1:58 PM,82,81.971
295,Alvy,Penton,2020-07-11,5:59 AM,12,76.331
296,Lorelei,Bendixen,2019-12-19,7:52 AM,82,70.478
297,Emmaline,Smolan,2019-10-06,7:59 AM,32,92.706
298,Ceil,Habbin,2019-11-27,10:26 PM,18,15.749
299,Raff,Plitz,2019-08-22,1:58 AM,3,73.475
300,Kathye,Scullion,2020-08-09,11:42 PM,69,45.6
301,Alley,McGaugan,2020-07-26,1:28 AM,67,19.383
302,Colas,Pollastrone,2020-03-23,9:36 PM,53,56.454
303,Danie,Teresse,2020-06-24,3:51 PM,41,19.155
304,Elwood,Medway,2019-11-06,12:18 AM,37,48.802
305,Candis,Hinkley,2020-06-29,6:09 PM,53,67.556
306,Blancha,McColgan,2020-02-22,9:27 AM,54,2.537
307,Tristan,Rubert,2019-11-15,2:03 AM,8,82.697
308,Anderson,Stockle,2019-08-31,10:40 AM,5,60.295
309,Korrie,Wyllie,2020-08-01,8:41 PM,56,4.709
310,Lurlene,Humbert,2019-11-03,11:32 AM,44,89.355
311,Nichol,Mulvany,2020-03-21,8:33 AM,81,42.293
312,Jeri,Fetherby,2019-12-06,9:41 PM,71,37.903
313,Harp,Glazier,2020-02-16,3:37 PM,64,59.8
314,Emelia,Saffle,2020-05-22,7:21 PM,6,60.446
315,Christalle,Kield,2019-11-20,12:36 AM,13,69.582
316,Launce,Delaney,2020-04-18,11:50 PM,70,95.897
317,Marylee,Burren,2019-09-20,8:23 PM,9,3.733
318,Eugenius,Gammon,2020-03-14,2:36 AM,42,36.196
319,Faina,Adelsberg,2020-01-07,9:56 PM,94,81.822
320,Adrian,Hedworth,2020-07-14,8:15 AM,3,95.836
321,Stevy,Munkley,2019-12-01,10:41 PM,99,26.671
322,Garrek,Capoun,2020-02-23,8:44 PM,55,44.7
323,Zacherie,Breadmore,2020-02-24,1:55 AM,58,39.959
324,Tanner,Conre,2019-08-22,6:51 PM,68,36.941
325,Benito,Hamnet,2020-01-06,5:43 PM,61,96.983
326,Shaun,Pickworth,2020-01-13,5:20 AM,22,44.673
327,Deeyn,Rikkard,2020-05-16,3:35 PM,36,38.963
328,Charlton,Posnette,2020-03-14,2:23 AM,69,30.699
329,Miquela,Delete,2020-04-05,11:52 PM,74,58.596
330,Rasia,McKinnon,2020-03-13,11:54 PM,47,26.547
331,Eirena,Prozescky,2020-05-09,12:21 PM,67,93.385
332,Sharla,Warrack,2020-07-27,9:27 AM,54,20.898
333,Nickolai,Fenn,2020-05-13,10:29 AM,16,15.818
334,Kailey,O'Dreain,2020-01-15,8:09 AM,47,20.92
335,Zacharias,Purdon,2020-02-27,12:34 PM,37,78.069
336,Dynah,Woodroofe,2019-11-12,11:47 PM,3,65.939
337,Kenna,Charity,2019-10-02,4:02 AM,72,3.123
338,Douglass,Dmitrichenko,2019-10-11,12:57 PM,29,17.598
339,Dilan,Bowcock,2020-05-28,3:45 AM,20,15.98
340,Lorettalorna,Hablet,2020-06-27,5:55 AM,46,75.211
341,Elberta,Tebald,2020-02-08,10:51 AM,2,29.8
342,Etty,Honnicott,2019-12-09,7:34 PM,17,93.641
343,Geneva,Honatsch,2019-11-19,5:11 AM,27,98.415
344,Natasha,Cromack,2020-04-23,3:09 AM,33,63.367
345,Simmonds,Sommer,2019-10-26,6:40 PM,4,39.282
346,Chuck,Irons,2020-01-15,3:34 AM,36,49.187
347,Bennie,Stanaway,2019-09-05,10:45 PM,89,78.195
348,Oliviero,Pleven,2019-11-09,11:48 AM,39,92.8
349,Pepe,Porritt,2020-05-25,8:02 AM,100,7.518
350,Margaretta,Whitehead,2020-06-16,7:38 AM,52,81.885
351,Brien,Quainton,2019-09-16,3:37 PM,76,75.912
352,Aile,Levis,2019-12-22,9:27 PM,12,19.939
353,Dewie,Pretley,2020-04-23,11:32 PM,95,24.14
354,Janifer,Chislett,2020-03-08,6:50 AM,27,82.46
355,Dixie,Jordin,2020-03-08,5:01 PM,66,89.017
356,Nicolea,Etchells,2020-08-17,10:52 AM,78,4.141
357,Sondra,Tinmouth,2020-05-30,5:05 PM,89,3.669
358,Spence,Waadenburg,2020-02-29,2:39 PM,59,17.529
359,Adham,De Hailes,2020-03-29,3:42 PM,2,66.746
360,Forbes,Tripon,2019-11-06,5:36 PM,10,9.666
361,Bailey,Bernardez,2020-07-03,11:24 AM,51,45.79
362,Rand,Wolfenden,2019-09-06,2:42 PM,52,29.054
363,Kellia,Sabey,2019-12-03,9:14 AM,38,71.803
364,Boycie,Durbann,2020-07-22,6:31 PM,35,1.486
365,Idette,Stringman,2019-12-25,11:47 PM,5,14.18
366,Jess,Osmon,2019-12-04,8:48 AM,56,99.575
367,Crawford,O'Suaird,2019-10-01,2:53 PM,7,47.284
368,Aimee,Hinckley,2020-07-21,2:32 AM,94,42.997
369,Thaddus,Veitch,2020-01-04,7:43 PM,66,60.667
370,Kaye,Grenshields,2020-06-11,4:44 PM,79,98.37
371,Murray,Sturch,2019-09-24,12:47 PM,48,46.42
372,Dicky,Pea,2019-12-15,7:30 AM,69,97.077
373,Locke,Hellicar,2020-02-18,8:35 AM,24,68.545
374,Ollie,Abercrombie,2020-06-05,8:38 PM,94,43.926
375,Sue,Hargroves,2020-07-05,11:46 PM,69,83.689
376,Mariele,Critchlow,2019-10-31,11:27 PM,79,58.744
377,Tally,Posselt,2019-11-18,2:23 AM,36,38.738
378,Nefen,Discombe,2020-06-26,2:15 PM,32,21.076
379,Leena,Chazelle,2019-09-29,2:04 PM,53,2.814
380,Austen,Poxson,2020-06-01,9:29 AM,2,61.591
381,Yancy,Necolds,2020-02-15,4:25 AM,54,89.474
382,Hunt,Appleby,2020-02-16,10:09 PM,24,29.166
383,Natty,Mallam,2020-05-07,5:42 AM,78,96.247
384,Dosi,Ingree,2020-05-14,10:51 AM,13,44.199
385,Irene,Sloey,2019-11-12,1:53 PM,13,68.057
386,Maye,Ballister,2019-12-17,10:50 PM,90,41.845
387,Wilt,Fellgate,2019-10-25,2:47 PM,38,45.237
388,Tulley,Tomasian,2020-04-21,6:53 AM,13,53.786
389,Fredrika,Errigo,2020-03-24,7:51 PM,50,41.894
390,Symon,Basset,2020-04-01,11:24 PM,72,44.77
391,Nissa,Ruffy,2019-11-18,6:58 PM,49,22.135
392,Wendeline,Duchateau,2019-10-21,4:26 PM,13,45.647
393,Victor,Downton,2020-05-11,8:52 AM,16,93.508
394,Kiah,Grinnov,2020-03-07,6:14 AM,91,88.169
395,Cloris,Yerill,2020-01-06,10:18 PM,17,98.96
396,Morten,Bartosinski,2020-05-24,1:32 PM,1,58.111
397,Gearalt,Freeth,2020-07-02,10:46 PM,18,72.475
398,Lazar,Sissot,2020-07-05,7:52 PM,81,56.69
399,Reggi,Oldnall,2019-10-04,6:44 PM,19,17.075
400,Ferne,Pfeffel,2020-03-10,6:30 PM,29,26.663
401,Dana,Thorlby,2019-12-14,11:44 PM,29,3.843
402,Sher,Duferie,2020-02-19,11:33 AM,22,94.212
403,Lalo,Statton,2019-10-22,8:37 AM,40,62.567
404,Adolph,Cumber,2019-08-28,4:33 AM,97,91.479
405,Germain,Pumphreys,2020-01-29,5:30 AM,42,70.983
406,Morey,Downes,2019-11-15,1:50 AM,43,45.921
407,Anderea,Gorce,2020-01-08,2:09 AM,81,5.995
408,Ronny,Sells,2019-11-13,12:54 AM,25,58.38
409,Natalie,Ower,2019-12-21,6:36 PM,18,47.008
410,Shanta,Downer,2020-01-24,6:52 PM,11,62.962
411,Adrianna,Pattison,2020-01-22,10:15 PM,28,86.517
412,Dionis,Jerg,2020-06-09,10:10 AM,49,36.503
413,Dyan,Kitchiner,2020-08-02,10:25 PM,91,94.147
414,Aguste,Panichelli,2020-04-15,7:10 AM,54,76.074
415,Derrik,Veart,2020-08-08,6:55 PM,37,24.994
416,Vernon,Covelle,2020-07-20,10:09 AM,55,43.125
417,Dag,Peebles,2020-03-29,2:46 AM,92,70.858
418,Deanna,Josephov,2019-10-05,3:37 AM,69,63.006
419,Mahmud,Iacoboni,2020-06-03,11:04 PM,32,79.055
420,Marve,Kerrigan,2020-03-19,1:25 AM,38,10.56
421,Emlyn,Collyer,2020-01-03,4:33 AM,45,19.941
422,Natividad,Brickham,2020-03-05,9:52 PM,79,16.176
423,Grannie,Mc Cahey,2019-12-11,5:08 AM,71,99.425
424,Minne,Pimm,2020-07-07,2:24 PM,27,10.311
425,Leroy,Wimbush,2020-05-10,9:09 AM,70,14.29
426,Andee,Pimlott,2020-06-09,1:04 AM,43,87.904
427,Alyssa,Varvell,2020-03-24,5:55 AM,9,1.083
428,Tomlin,Giacobbo,2020-01-17,7:32 AM,57,8.879
429,Gibbie,Seville,2019-10-14,10:47 PM,65,3.749
430,Else,Deny,2020-05-29,10:15 AM,71,12.367
431,Lindie,Fussen,2020-07-06,11:47 AM,16,66.446
432,Byrann,Tilzey,2020-04-01,7:08 AM,18,30.108
433,Clarissa,Pinock,2019-09-15,5:01 AM,62,36.005
434,Kerrie,Jarratt,2020-07-12,11:15 AM,51,32.417
435,Brittni,Dowglass,2019-09-16,3:48 AM,99,14.623
436,Immanuel,Boote,2020-07-25,2:31 PM,81,97.124
437,Karrie,Breach,2020-07-03,3:19 PM,72,79.229
438,Abby,Stanesby,2020-04-01,6:21 PM,95,41.839
439,Wally,Linskill,2020-08-18,3:12 AM,87,53.127
440,Lia,Ludovici,2020-01-08,2:54 AM,45,57.82
441,Ambur,Camock,2019-10-12,1:05 AM,47,51.95
442,Klarika,Shillam,2020-04-16,1:55 PM,61,9.646
443,Noelani,Ingliby,2020-03-26,6:29 AM,50,76.044
444,Misti,Haggidon,2020-01-01,3:57 PM,2,60.443
445,Amata,Nockalls,2020-06-01,3:50 PM,90,26.915
446,Roxanne,Sorel,2020-03-11,2:38 AM,25,30.91
447,Darlene,Gouley,2019-08-25,6:17 PM,59,42.291
448,Carlyn,Woodage,2020-05-17,2:13 AM,67,89.616
449,Monroe,Slegg,2020-01-28,12:44 AM,62,49.578
450,Rudyard,Joslin,2020-05-10,5:43 AM,74,51.208
451,Arlie,Pinnocke,2020-07-12,2:26 AM,27,54.671
452,Irwinn,Bison,2020-04-09,10:13 AM,43,59.008
453,Reggie,Hollingsby,2019-09-30,2:13 PM,21,8.321
454,Ty,Nolte,2020-03-25,7:09 PM,96,80.543
455,Clive,Jorez,2020-02-09,3:08 AM,6,21.914
456,Chen,Caffery,2020-01-31,7:53 AM,64,33.23
457,Karlie,Barday,2020-01-25,12:19 AM,96,5.337
458,Merna,Caplin,2019-09-09,6:05 AM,9,69.058
459,Esteban,Laurance,2020-05-08,4:12 AM,74,45.954
460,Hilliard,Cartin,2019-11-23,12:16 AM,36,26.843
461,Minni,Gowanson,2020-05-05,3:17 PM,37,52.915
462,Shepperd,Lautie,2019-12-28,5:56 AM,77,76.708
463,Anton,Howlings,2019-09-28,4:06 PM,12,51.387
464,Rick,Fenge,2020-07-19,7:57 PM,57,15.751
465,Giselbert,Shilston,2019-10-12,5:30 AM,71,75.414
466,Marius,Josifovitz,2020-02-22,3:12 PM,25,9.231
467,Willard,Hooban,2020-03-05,6:51 PM,63,94.678
468,De,Baelde,2020-06-15,12:13 AM,67,51.644
469,Morie,Caplen,2020-02-06,10:50 PM,75,7.616
470,Rafaela,Glazebrook,2020-03-21,4:32 AM,64,45.188
471,Sylvia,Aitcheson,2019-12-28,5:56 AM,49,28.299
472,Byram,Iles,2020-05-27,2:34 PM,32,94.341
473,Halsey,Tett,2020-01-25,12:23 AM,91,86.492
474,Yard,Nutbrown,2020-01-11,2:30 AM,78,35.102
475,Fayre,Risborough,2019-10-11,12:08 PM,27,96.595
476,Krystalle,Aysik,2019-11-07,8:19 PM,42,54.76
477,Adi,Whitsey,2020-04-19,1:04 PM,73,74.645
478,Gilda,McCarlie,2020-02-07,9:18 AM,6,92.914
479,Rheta,McAlroy,2020-03-15,4:55 AM,9,95.925
480,Aldin,Gepheart,2019-11-02,10:57 AM,97,96.827
481,Mannie,Dargan,2020-04-07,7:14 PM,44,20.185
482,Remy,Collabine,2020-03-06,3:40 PM,12,30.424
483,Blinnie,Maccrea,2019-12-04,3:18 PM,24,92.122
484,Ahmed,Ingrem,2019-11-20,3:25 AM,56,50.517
485,Chico,Venton,2019-09-21,10:12 PM,46,52.804
486,Shannon,Sydes,2019-10-29,12:11 AM,100,36.575
487,Harland,Ferraraccio,2019-09-14,6:34 AM,40,47.458
488,Garvy,Wanklin,2020-01-06,10:45 PM,74,86.085
489,Patric,Hiseman,2019-08-22,4:48 AM,99,18.742
490,Dorie,Cappell,2020-02-24,12:07 AM,65,16.181
491,Broddy,Advani,2020-04-29,2:09 PM,73,94.626
492,Hamil,Shillom,2019-10-10,3:23 PM,52,9.801
493,Dotty,Buncom,2019-10-29,9:24 AM,79,50.384
494,Ivy,Schneider,2020-05-30,3:36 PM,48,95.745
495,Lisette,Sidgwick,2020-07-30,5:04 AM,97,78.061
496,Veronique,Carnie,2020-02-01,8:37 PM,89,97.073
497,Hodge,Yoseloff,2019-11-13,6:23 AM,99,8.38
498,Juieta,Skyram,2020-06-28,1:27 PM,60,46.464
499,Tonnie,Squibbes,2020-06-19,9:27 AM,90,42.029
500,Guillermo,Semple,2020-07-09,10:00 PM,79,54.022
501,Maitilde,Handes,2020-05-26,6:42 PM,70,52.41
502,Mercedes,Malkin,2020-04-12,3:13 PM,97,78.377
503,Nye,Last,2020-03-09,2:53 PM,25,5.2
504,Welbie,Creany,2020-01-02,11:04 PM,70,11.927
505,Ava,Stirzaker,2020-08-11,1:24 PM,77,95.828
506,Mike,Briat,2019-10-03,11:09 AM,2,22.713
507,Nikolaus,Broy,2020-04-11,1:50 PM,32,52.958
508,Vere,Lynn,2020-02-06,6:35 AM,31,3.785
509,Willamina,Weal,2019-08-22,4:00 PM,70,1.773
510,Herminia,Slite,2020-05-18,6:27 PM,35,27.827
511,Almeta,Jeffs,2020-04-27,11:45 AM,11,97.752
512,Cristina,Christer,2020-08-02,3:17 PM,44,32.006
513,Antonetta,Cristofol,2020-05-06,8:28 PM,1,56.501
514,Ruggiero,Haet,2020-04-17,8:39 PM,25,51.939
515,Paddy,Dowsey,2020-01-21,1:15 AM,89,26.946
516,Adriane,Phelan,2019-12-19,7:59 AM,21,27.692
517,Russell,Gusticke,2019-12-09,10:19 PM,2,18.448
518,Janeta,Cowterd,2020-03-22,6:27 PM,25,60.755
519,Steve,Talby,2020-04-13,10:17 PM,97,66.076
520,Lauren,Heddon,2020-02-01,10:40 PM,31,50.578
521,Boyce,Fitzsimon,2019-12-04,11:10 PM,22,76.557
522,Lacy,Hellwing,2020-03-18,12:58 AM,82,36.258
523,Reynold,Thaw,2020-07-09,3:00 PM,76,73.378
524,Mick,Cumbridge,2020-06-04,7:21 PM,63,11.73
525,Simonne,Obee,2019-08-22,2:55 AM,95,37.976
526,Daryn,Mollindinia,2020-08-18,2:00 AM,1,69.87
527,Halley,Chstney,2020-03-31,2:06 AM,11,17.183
528,Kirby,McGaugan,2019-12-01,12:47 PM,44,24.284
529,Patsy,Belison,2020-07-21,7:28 PM,57,29.996
530,Kalinda,Lentsch,2020-03-24,4:36 AM,87,59.065
531,Mickey,Carbonell,2020-02-29,5:29 PM,34,24.073
532,Annadiana,Circuit,2020-08-05,12:27 PM,53,17.479
533,Irina,Epton,2020-05-28,5:47 PM,42,78.479
534,Gabe,Kupka,2019-10-05,2:46 AM,9,70.996
535,Ollie,Argabrite,2019-08-27,7:23 PM,17,70.246
536,Germaine,Rayer,2019-09-05,5:45 PM,68,56.189
537,Donnajean,Cannicott,2019-09-03,6:47 AM,66,56.775
538,Jared,Grinstead,2020-04-24,12:06 AM,93,4.339
539,Franny,Milleton,2019-09-01,8:26 AM,18,39.76
540,Ramsay,Wayland,2019-12-10,2:30 PM,25,11.96
541,Ruy,Vineall,2019-09-01,2:14 AM,13,53.409
542,Zahara,Fingleton,2020-08-05,4:20 PM,32,8.415
543,Flor,Lambillion,2019-11-18,1:17 AM,74,43.703
544,Raimund,Whinray,2020-08-09,11:16 PM,77,26.948
545,Beulah,Linnett,2019-12-14,1:52 AM,65,68.37
546,Trip,Szubert,2020-06-13,11:35 PM,79,88.53
547,Winthrop,MacDermid,2019-09-16,11:05 PM,92,98.904
548,Sibilla,Llewelyn,2020-07-06,5:01 AM,24,31.034
549,Cletis,Liddicoat,2019-12-04,6:51 PM,90,71.366
550,Thomasina,Clerc,2020-02-29,8:27 PM,36,62.55
551,Merilee,Thunnercliffe,2020-02-24,6:35 AM,52,58.994
552,Vinni,Crookshanks,2020-01-29,5:04 AM,88,86.892
553,Micaela,Ead,2020-01-22,6:35 AM,45,46.522
554,Kalvin,Brumble,2020-01-23,10:15 AM,91,20.768
555,Lucretia,De Zuani,2020-04-10,7:02 AM,13,71.187
556,Odie,Isakovic,2020-06-27,5:06 PM,36,94.438
557,Ancell,Bonifazio,2019-11-14,7:47 AM,89,96.961
558,Merle,Sedgemore,2020-06-15,3:55 AM,93,35.647
559,Merilee,Rayner,2019-11-06,1:34 AM,71,3.547
560,Cinderella,Causton,2020-07-21,5:55 PM,7,4.137
561,Winnie,Hamberston,2020-06-10,3:51 PM,15,83.106
562,Arabela,Feast,2020-01-23,6:32 PM,80,93.832
563,Harmonia,Nulty,2019-10-30,5:51 AM,95,28.939
564,Katalin,Oxenham,2020-07-27,3:30 PM,36,89.655
565,Mable,Lipman,2020-06-21,9:33 AM,72,42.752
566,Clerkclaude,Del Monte,2019-11-17,1:11 PM,7,26.204
567,Hogan,Rowth,2020-04-27,11:51 PM,9,86.091
568,Darci,Ipwell,2020-06-26,2:14 PM,30,36.512
569,Chevalier,Handforth,2019-12-06,4:11 AM,31,35.326
570,Clarance,Licciardiello,2020-03-08,1:18 PM,43,30.802
571,Finlay,Sambiedge,2019-12-27,6:06 AM,81,74.112
572,Guilbert,Chelam,2020-08-14,3:25 PM,60,79.803
573,Ed,Duff,2020-01-25,12:04 AM,45,42.95
574,Delphinia,Gathercoal,2020-02-17,5:04 PM,98,67.45
575,Durward,Coryndon,2020-02-08,11:16 PM,7,29.573
576,Melinda,Housley,2020-04-13,9:23 AM,20,85.144
577,Raoul,Giorgietto,2020-03-02,8:20 PM,34,66.11
578,Cherida,Harroway,2020-06-25,6:28 PM,27,39.675
579,Rory,Besse,2020-01-16,5:30 PM,76,83.034
580,Patty,Olenichev,2019-11-08,10:21 AM,15,39.275
581,Jenda,Coatsworth,2020-01-07,10:58 PM,4,13.027
582,Vidovic,Faithorn,2020-01-13,1:04 AM,24,99.842
583,Yancy,Rigden,2020-07-18,3:13 PM,10,74.58
584,Quinn,Brawson,2020-01-03,9:00 PM,41,82.454
585,Phillipp,Ginnell,2020-06-30,2:23 AM,62,75.612
586,Ruttger,Murrie,2020-04-26,10:58 AM,87,48.039
587,Temp,Sinfield,2020-02-09,4:59 PM,34,16.038
588,Linnell,Enriquez,2020-02-08,3:12 PM,64,99.731
589,Reinold,Castiglioni,2019-11-02,2:18 AM,20,21.679
590,Addie,Tomankiewicz,2020-02-08,4:45 AM,81,43.624
591,Jephthah,Gallacher,2020-08-02,8:29 PM,84,43.898
592,Molli,Dixie,2020-01-07,7:31 PM,18,18.737
593,Reynolds,Dobinson,2019-10-10,6:47 PM,68,39.226
594,Jocko,Simons,2019-11-04,3:14 PM,7,39.82
595,Maren,Doumerque,2020-06-23,8:40 PM,98,95.658
596,Sutton,Guite,2019-08-23,9:22 PM,1,20.226
597,Doretta,Handover,2019-11-11,3:43 PM,31,4.066
598,Melvyn,Ferrar,2019-09-24,2:36 AM,1,9.367
599,Galen,La Croce,2019-11-13,3:05 AM,23,90.439
600,Angie,Butt,2020-06-20,12:34 AM,20,87.39
601,Eleonore,Scones,2019-11-25,1:50 AM,8,14.31
602,Gabrila,Cota,2020-02-03,10:42 AM,81,36.146
603,Delcine,Prys,2020-03-06,11:14 AM,3,66.693
604,Hayley,Domenichelli,2020-03-28,1:36 PM,13,88.925
605,Bethanne,Broadley,2019-11-23,7:19 PM,28,41.201
606,Massimiliano,Toby,2020-02-19,9:57 PM,65,46.391
607,Chev,Simonin,2019-10-20,12:56 AM,71,51.761
608,Lindsey,Spalls,2020-02-03,12:39 AM,91,63.614
609,Baryram,Semark,2020-03-10,10:38 PM,6,59.263
610,Hedvig,Jorio,2020-06-18,9:58 AM,44,7.617
611,Shannah,Epelett,2020-07-21,12:16 PM,15,37.761
612,Krishnah,Totton,2020-03-16,8:30 AM,41,14.694
613,Meier,Flux,2020-02-09,6:17 PM,26,30.107
614,Peta,Simoneau,2019-09-17,9:31 PM,39,97.752
615,Grayce,Jefferson,2020-06-15,9:13 AM,30,73.916
616,Ichabod,Caulder,2020-04-08,8:35 AM,61,81.248
617,Archer,Matonin,2020-04-25,9:58 PM,2,82.762
618,Marget,Loudyan,2019-08-24,7:55 AM,65,10.699
619,Kevyn,Donnersberg,2020-02-01,6:52 PM,84,37.282
620,Aloin,Powton,2020-06-09,1:16 PM,54,20.135
621,Russ,Cretney,2020-08-19,6:21 AM,7,26.191
622,Guillaume,Fischer,2019-12-14,9:50 AM,76,51.7
623,Virginie,Rockcliffe,2020-03-11,3:29 PM,86,56.534
624,Adamo,Woodyeare,2020-08-20,8:24 AM,74,5.537
625,Hansiain,McGarrie,2019-12-17,10:39 AM,95,55.221
626,Mahmoud,Aubin,2019-11-17,5:51 AM,45,74.295
627,Virgilio,Vaughan,2020-04-06,8:29 PM,37,17.46
628,Robinet,Wigan,2019-09-03,6:32 PM,78,91.472
629,Sheeree,Yglesia,2020-04-17,4:09 AM,73,82.927
630,Sherill,Applin,2020-04-30,4:20 PM,67,15.859
631,Inesita,Anthoin,2020-01-08,9:26 AM,93,91.291
632,Darn,Week,2019-12-12,8:33 AM,26,63.855
633,Ware,Eastmead,2020-03-23,7:12 AM,46,70.435
634,Carin,Ghiriardelli,2020-01-27,6:54 AM,13,47.614
635,Orella,Pimley,2019-10-30,2:13 PM,15,13.057
636,Kikelia,Thames,2019-10-24,10:55 PM,14,1.039
637,Redford,Redley,2020-06-19,1:29 AM,20,95.439
638,Diarmid,De Francisci,2019-08-30,7:32 PM,96,10.824
639,Mable,Acosta,2020-02-10,8:31 AM,47,76.718
640,Dominik,Manass,2020-06-09,2:14 AM,66,32.775
641,Anders,Raw,2020-02-13,11:02 AM,73,7.356
642,Jerrylee,Eivers,2020-07-10,1:35 AM,41,28.455
643,Sissy,Mechell,2020-08-06,5:35 AM,60,33.365
644,Alida,Roarty,2019-10-07,6:41 AM,63,49.919
645,Nelly,Monck,2020-02-28,7:17 AM,50,41.491
646,Garwin,Addeycott,2020-07-30,3:46 PM,24,92.093
647,Mickey,Pughe,2019-08-30,3:00 AM,6,67.258
648,Keven,Danihelka,2020-03-25,1:27 AM,1,85.066
649,Ram,Cowgill,2020-05-25,7:07 AM,98,74.21
650,Bethany,Gadsden,2020-05-22,3:56 PM,32,62.013
651,Tremaine,Bearcroft,2020-08-17,7:58 AM,15,25.086
652,Danita,Escolme,2020-07-27,5:39 PM,71,45.05
653,Sarena,Humerstone,2020-01-26,1:50 PM,40,75.371
654,Mira,Giercke,2020-01-24,9:09 PM,86,90.347
655,Lorin,Swinburn,2019-08-30,9:24 PM,33,66.317
656,Miriam,Meneghi,2019-10-02,11:30 PM,88,58.293
657,Kaycee,Fennelow,2020-07-30,7:09 AM,55,20.177
658,Gloriana,MacFall,2020-01-05,10:02 PM,99,90.204
659,Marijo,Ceschelli,2019-12-05,5:47 PM,30,20.88
660,Malinde,Bohlje,2020-04-24,1:01 PM,9,4.964
661,Valdemar,Wilman,2019-10-16,12:38 PM,89,35.972
662,Felizio,Shorto,2020-03-24,1:20 PM,87,41.825
663,Cece,Riggoll,2020-08-05,5:16 PM,12,66.077
664,Alexis,Marks,2019-09-22,6:49 PM,40,8.9
665,Lucho,Janu,2020-04-14,10:29 AM,67,92.151
666,Catarina,Van der Spohr,2020-07-24,5:58 AM,89,3.638
667,Minetta,Imesen,2020-06-21,12:38 PM,19,90.986
668,Uta,Emanuel,2020-04-23,10:36 PM,12,27.323
669,Fonzie,Kollaschek,2019-11-24,1:01 AM,89,13.851
670,Penni,Dobbinson,2020-07-13,7:51 PM,19,33.928
671,Karylin,Talman,2019-11-17,11:57 PM,56,55.868
672,Britta,Blyth,2020-01-15,2:16 AM,14,73.599
673,Jerald,McKernon,2020-07-06,1:46 AM,93,21.417
674,Drugi,Reddie,2020-05-13,9:44 PM,26,38.806
675,Patricia,Seedman,2019-08-28,12:46 PM,57,98.198
676,Mitch,Dudney,2020-02-05,9:02 PM,39,17.777
677,Rosamond,Domoni,2019-11-13,6:30 PM,63,66.67
678,Davida,Risbridge,2019-09-27,10:57 AM,35,96.099
679,Lyndell,Kermode,2020-01-31,11:53 AM,99,22.815
680,Sofie,Dubique,2019-09-26,11:28 AM,14,39.528
681,Claudette,Worts,2020-05-22,8:44 PM,99,89.417
682,Sarita,Giovannoni,2019-11-04,7:26 PM,27,97.871
683,Demetris,Blakeston,2020-08-18,2:28 PM,6,21.042
684,Lurline,Rathborne,2020-03-07,5:24 PM,10,64.404
685,Kaia,Stickells,2020-01-12,5:50 AM,19,8.487
686,Annice,Horlock,2019-09-24,12:25 AM,49,79.733
687,Benetta,Wolfer,2019-12-07,6:04 AM,41,31.603
688,Norton,Canon,2020-05-16,11:27 PM,9,27.459
689,Lewes,Grute,2020-04-06,8:33 PM,7,99.275
690,Judd,Furmage,2020-03-12,10:13 AM,30,28.903
691,Christiana,Stobbart,2020-03-17,9:55 AM,75,23.669
692,Mersey,Ciccotti,2020-07-28,1:01 PM,55,47.94
693,Ber,Hillen,2020-06-08,7:32 AM,73,19.864
694,Abran,Massey,2020-08-18,8:30 AM,88,76.866
695,Tova,Sammes,2020-02-22,6:01 AM,2,45.174
696,Jolynn,Mazdon,2020-06-28,1:41 AM,64,99.318
697,Yoko,Edess,2019-10-22,8:33 AM,18,97.668
698,Garrard,Grebner,2019-12-05,4:32 AM,94,5.421
699,Cristian,McSaul,2020-06-29,7:08 AM,70,63.975
700,Maddalena,Molyneaux,2019-11-23,5:28 AM,8,6.261
701,Joice,Towsie,2019-11-22,11:23 AM,68,97.002
702,Ingeberg,Hankey,2020-01-04,10:40 AM,57,92.873
703,Bendix,Shillito,2020-07-21,8:55 AM,64,41.944
704,Pegeen,Regardsoe,2020-05-30,8:16 AM,39,21.95
705,Mirella,Beardsell,2020-05-17,4:32 PM,24,87.658
706,Klarika,Oleszcuk,2020-03-07,12:54 AM,33,45.214
707,Electra,Klishin,2020-06-18,5:01 AM,56,44.773
708,Tarah,Siggs,2019-10-04,2:18 PM,26,88.661
709,Noam,Whatham,2020-08-08,7:39 AM,17,68.496
710,Charla,Storcke,2020-07-27,8:28 PM,27,42.319
711,Frederick,Giacopini,2019-12-30,4:14 AM,64,37.49
712,Antony,Enderlein,2019-11-24,5:54 AM,33,26.992
713,Tremayne,Renahan,2020-01-17,10:15 AM,100,57.444
714,Jessie,Thursfield,2020-03-25,6:42 PM,38,49.814
715,Urbanus,Mair,2020-04-22,1:05 AM,64,10.554
716,Doy,Merck,2020-08-12,7:51 PM,81,12.057
717,Chicky,Dolden,2020-04-16,12:52 AM,57,97.275
718,Moselle,Evitts,2019-11-26,9:09 PM,80,87.601
719,Sander,Lassen,2019-09-09,6:05 PM,3,3.726
720,Bride,Sterling,2020-02-14,4:48 PM,62,65.653
721,Natalya,Nials,2020-04-07,8:20 PM,89,31.34
722,Danny,Gipson,2020-03-31,12:02 PM,76,1.378
723,Brose,Brewse,2020-05-15,6:09 PM,91,40.2
724,Reina,Lampke,2020-05-31,5:22 PM,64,27.883
725,Francisca,Rampton,2020-02-21,3:25 AM,52,7.585
726,Lynde,Annell,2020-01-09,4:28 AM,44,6.87
727,Austina,Morena,2019-10-26,12:23 PM,9,21.364
728,Laurena,Atterley,2019-10-04,1:23 AM,41,81.864
729,Franni,Farlowe,2020-02-05,7:50 AM,9,79.101
730,Oates,Petruska,2019-10-26,10:03 AM,38,35.166
731,Gabe,Sheering,2020-07-06,2:02 PM,100,97.137
732,Tressa,Dedman,2020-01-29,11:57 AM,60,77.403
733,Ephrayim,Aves,2020-03-27,5:38 PM,65,18.142
734,Tammy,Bosse,2020-07-31,11:34 AM,55,94.04
735,Neal,Guidoni,2020-03-31,7:16 PM,98,2.391
736,Aguistin,Speeks,2020-03-17,8:26 AM,21,36.71
737,Anya,Naylor,2019-09-13,8:03 PM,36,68.116
738,Jake,Plain,2020-02-16,10:21 AM,48,85.757
739,Lydie,Beesey,2020-07-27,2:40 PM,99,3.813
740,Cristen,Loffill,2019-10-24,3:34 AM,14,22.816
741,Franky,Bemand,2019-12-14,7:58 PM,98,69.056
742,Fred,Blais,2020-05-01,6:16 PM,77,81.172
743,Wendy,Rigglesford,2020-03-21,9:03 AM,49,40.963
744,Herta,Watkins,2020-05-28,10:35 PM,95,73.357
745,Wash,Gockelen,2020-07-01,4:06 AM,92,91.848
746,Merrick,Simmans,2020-02-21,9:00 AM,57,25.76
747,Gail,Bousfield,2020-02-06,2:07 AM,74,91.487
748,Clemens,Bain,2019-09-01,7:21 AM,9,34.684
749,Porty,Broyd,2020-06-25,10:09 PM,86,14.962
750,Missy,Fawthrop,2019-10-05,3:30 PM,36,75.428
751,Beckie,Grimble,2020-07-10,6:12 AM,56,47.178
752,Lita,Klosser,2020-05-23,7:08 AM,23,81.523
753,Elnore,McCudden,2020-05-17,1:59 PM,46,9.385
754,Michael,Ducket,2020-05-29,9:36 AM,90,22.314
755,Renelle,McKernan,2020-04-13,4:47 AM,66,98.449
756,Ava,Glasscock,2019-10-31,10:43 PM,32,27.15
757,Bria,Fero,2020-03-16,4:02 AM,63,74.866
758,Tab,Collie,2020-07-14,3:18 AM,29,93.724
759,Shane,McClinton,2020-03-12,2:06 PM,65,68.697
760,Corrine,Wasmer,2019-10-30,12:00 AM,69,82.834
761,Morgan,Nangle,2019-10-29,3:40 PM,80,41.241
762,Elden,Baldung,2020-02-03,5:53 PM,58,29.777
763,Saleem,Kardos,2019-08-29,9:54 AM,47,5.314
764,Ange,Phippin,2019-11-10,1:23 PM,20,91.423
765,Larry,Lightwing,2020-08-07,2:33 AM,68,57.665
766,Collin,Corran,2019-11-27,9:17 AM,97,31.886
767,Ferne,Waldron,2019-11-02,5:57 AM,15,12.803
768,Marleah,Beams,2020-07-07,5:02 AM,88,92.444
769,Bastian,Dello,2020-06-12,2:22 AM,19,94.275
770,Alyssa,Anslow,2019-12-05,7:54 PM,37,76.276
771,Renee,Causley,2020-04-01,4:48 PM,81,52.55
772,Barnabas,Lean,2020-05-08,4:59 PM,88,97.931
773,Isis,Meeking,2019-10-03,7:01 PM,84,46.798
774,Clarine,Menary,2020-03-14,3:35 PM,3,67.087
775,Opalina,Ensley,2020-05-25,10:53 AM,38,53.373
776,Kalindi,de Najera,2020-03-27,6:34 AM,20,31.249
777,Gardner,Frisdick,2020-08-01,6:48 AM,62,52.569
778,Ringo,Satchell,2019-08-21,3:06 PM,71,21.337
779,Carleton,Besnard,2020-03-25,6:49 PM,14,41.904
780,Meggy,Trengove,2020-01-03,11:43 PM,58,35.069
781,Catlaina,Ransfield,2020-05-14,10:39 PM,19,65.936
782,Janina,Ellins,2019-09-13,5:46 PM,27,48.75
783,Vi,Linton,2019-09-05,4:12 AM,12,69.04
784,Inge,Lawden,2019-12-20,9:38 PM,10,50.43
785,Lefty,Mulhall,2020-03-22,5:34 AM,53,29.996
786,Danice,Aston,2020-01-07,1:16 AM,87,44.07
787,Fremont,De Domenicis,2019-09-17,8:44 PM,64,47.994
788,Myrwyn,Stebbings,2019-10-31,7:34 AM,53,87.014
789,Chloette,Denidge,2020-08-18,8:42 PM,9,31.277
790,Jeffry,Robottom,2020-04-14,4:11 AM,38,52.87
791,Marcie,Gavrielly,2020-07-11,3:48 AM,54,51.612
792,Gareth,Normadell,2020-05-27,9:04 PM,64,68.616
793,Tedi,Rennox,2020-07-23,1:08 AM,58,35.761
794,Marissa,Aloshkin,2019-10-25,5:16 PM,3,55.569
795,Hortensia,Waistall,2019-11-16,1:42 AM,7,8.724
796,Anneliese,Belfitt,2019-10-19,5:03 AM,16,14.382
797,Josefa,Ossenna,2019-12-04,8:02 AM,31,27.724
798,Kassia,Lavens,2019-12-16,9:11 AM,6,93.837
799,Maxy,Nockolds,2020-02-04,7:24 PM,54,67.396
800,Jody,Yuryatin,2019-08-30,4:58 AM,82,82.382
801,Fitzgerald,Rate,2019-08-29,11:24 AM,47,88.448
802,Augustine,Dunning,2019-12-28,3:36 PM,16,49.944
803,Katie,Given,2020-08-02,5:51 AM,81,58.552
804,Honoria,Kubczak,2020-05-09,12:30 PM,98,55.896
805,Colan,Escoffier,2019-11-28,6:40 PM,74,3.259
806,Boony,Criag,2019-11-11,9:40 PM,2,95.566
807,Erek,Strotton,2020-01-13,2:36 PM,94,66.999
808,Marylinda,Lukock,2020-05-31,3:01 PM,56,3.333
809,Kore,Lickorish,2020-03-30,6:01 AM,50,13.233
810,Deny,Carvill,2020-07-11,9:32 AM,18,58.708
811,Lenee,MacDermott,2020-02-03,10:35 AM,75,50.443
812,Dulce,Arnull,2019-12-26,5:34 AM,31,86.702
813,Viviyan,MacGibbon,2019-11-04,9:42 PM,53,93.942
814,Deeann,Pieroni,2019-10-22,9:57 PM,97,20.679
815,Willard,Minot,2020-05-26,11:24 PM,59,4.841
816,Valenka,Kinchley,2019-11-01,5:12 PM,82,56.826
817,La verne,Ludwikiewicz,2019-10-01,1:40 PM,10,19.266
818,Deina,Kepe,2019-09-19,11:54 PM,91,43.876
819,Tomaso,Cooley,2020-02-29,5:32 AM,89,92.925
820,Star,Gorling,2020-08-20,5:24 AM,89,56.877
821,Camellia,Windeatt,2019-09-22,10:56 PM,100,36.912
822,Allene,Lloyd,2020-05-01,3:37 PM,71,69.297
823,Almire,Puleston,2019-11-28,2:17 AM,60,3.552
824,Ansley,Wetton,2020-01-17,1:59 PM,51,43.163
825,Kiersten,Farnie,2020-07-05,11:19 PM,83,63.335
826,Aguistin,Kilby,2020-02-13,8:06 PM,83,28.949
827,Giffer,Richarson,2020-02-03,5:56 PM,99,63.745
828,Fedora,Hamnett,2019-11-19,5:51 AM,86,75.308
829,Zeke,Chippin,2020-03-04,7:24 AM,97,83.615
830,Gabi,Shane,2019-12-13,8:09 PM,1,68.723
831,Kirbee,Owens,2019-10-26,12:26 PM,27,59.904
832,King,Gueny,2020-08-09,3:48 PM,1,72.018
833,Helena,Hylden,2020-04-29,10:00 AM,93,80.211
834,Bernardo,Gilffilland,2020-05-27,5:14 PM,83,54.881
835,Cyrill,Prettjohn,2020-01-07,4:26 AM,56,32.468
836,Linoel,Eassom,2020-06-28,12:46 PM,11,15.864
837,Gallard,Brigham,2020-04-17,4:33 PM,91,28.371
838,Bernie,Hubbert,2019-11-17,10:28 PM,9,65.602
839,Rosalinde,Cardinal,2020-04-11,11:25 PM,66,16.281
840,Lindie,Mapledoore,2020-01-02,3:50 PM,63,90.135
841,Garnette,Frany,2019-10-26,3:22 PM,8,84.088
842,Brandie,Dannehl,2020-04-19,4:57 AM,70,29.946
843,Dottie,Moore,2020-01-26,7:09 PM,35,26.674
844,Ax,Glendining,2019-09-08,6:04 AM,15,94.195
845,Ranice,Robertz,2019-11-18,3:44 AM,86,24.145
846,Durante,Pilipets,2019-12-13,11:37 AM,75,55.771
847,Archie,Goodwin,2020-08-19,8:28 AM,62,58.241
848,Laraine,Chastenet,2020-07-14,6:09 PM,91,26.029
849,Donnie,Bricknell,2020-06-21,1:25 PM,50,96.669
850,Manny,Staziker,2020-04-09,5:32 PM,8,27.563
851,Jimmie,Chadwen,2020-06-14,3:30 AM,73,75.076
852,Estele,Hassey,2019-09-29,8:24 AM,95,53.209
853,Karola,Laird-Craig,2020-08-13,2:42 PM,9,58.761
854,Kimberli,Brailsford,2020-07-23,4:05 PM,56,65.95
855,Garth,Rollin,2020-06-07,8:09 AM,3,16.474
856,Ora,Marney,2020-02-01,3:24 AM,60,38.301
857,Cordelie,Pyott,2019-09-09,11:31 PM,65,83.043
858,Nikolaus,Iacopo,2020-01-23,4:54 AM,69,81.629
859,Jeniece,Cassely,2020-06-29,2:51 AM,51,72.938
860,Marina,Eagland,2020-02-23,3:29 PM,63,12.891
861,Eileen,D'eath,2020-03-04,6:13 AM,1,50.502
862,Elane,Andretti,2020-02-03,6:20 AM,29,76.383
863,Kelli,Bendson,2020-04-14,4:38 AM,98,74.023
864,Kimble,Stather,2020-06-16,7:25 PM,53,58.813
865,Julietta,Melrose,2020-06-07,2:37 AM,40,89.293
866,Gennifer,Dillintone,2020-08-16,7:35 AM,22,15.688
867,Skelly,Allonby,2020-01-05,11:17 AM,62,92.674
868,Colver,Matschuk,2020-02-22,5:27 AM,66,42.351
869,Curry,Kohrt,2020-03-16,10:14 PM,48,23.396
870,Randee,Tondeur,2019-12-23,1:51 PM,30,72.543
871,Paolina,Linnemann,2019-11-07,4:56 AM,90,60.133
872,Brendon,Walklate,2019-10-21,11:28 AM,14,97.978
873,Carter,Cookman,2019-12-06,11:04 PM,20,82.888
874,Valerie,Planks,2019-12-09,2:20 PM,18,62.924
875,Sondra,Dawson,2019-12-27,3:01 PM,80,89.374
876,Lamond,Lempenny,2020-03-18,6:32 PM,12,37.847
877,Margi,Whorlton,2020-06-19,2:44 AM,3,93.59
878,Drud,Imlen,2019-09-12,4:46 AM,79,17.741
879,Imelda,Cheney,2019-10-22,10:22 PM,80,71.057
880,Bourke,Sabben,2019-08-26,8:48 PM,64,76.693
881,Calida,Dalliston,2020-04-17,11:42 PM,94,76.474
882,Carolee,Hablot,2019-11-16,5:11 AM,72,48.311
883,Valerye,Boteman,2020-05-17,9:20 AM,45,99.246
884,Tybi,Cudby,2019-09-23,3:49 PM,40,93.135
885,Gilbert,Tremberth,2020-04-02,4:15 AM,97,81.697
886,Dud,Hiddy,2019-09-25,7:23 PM,68,73.661
887,Daveen,Talby,2019-10-01,4:04 PM,89,1.653
888,Nicoline,Sollas,2020-06-24,5:23 AM,26,19.708
889,Jillana,Nowaczyk,2019-08-21,2:11 AM,57,7.395
890,Lindsay,Himsworth,2019-11-15,6:49 PM,52,55.915
891,Tarra,Beagen,2020-07-08,10:16 PM,8,32.814
892,Adams,Haslam,2020-07-18,10:49 PM,29,16.874
893,Susy,Caghy,2020-08-01,10:51 PM,28,68.007
894,Ashleigh,Benedit,2020-02-19,1:31 AM,3,10.756
895,Cassey,Hartridge,2019-09-27,2:00 PM,68,39.486
896,Mendie,Rossborough,2019-09-20,5:37 AM,75,88.262
897,Daveta,Sprade,2019-11-08,1:28 PM,69,60.75
898,Jecho,Giovannacc@i,2020-04-22,7:31 PM,64,77.804
899,Annadiane,Wigin,2020-01-31,3:26 AM,24,70.436
900,Gabrielle,Torrese,2020-03-19,3:01 PM,28,12.574
901,Amalita,Jelliman,2020-01-27,2:33 PM,9,10.626
902,Anastasia,Floyed,2019-12-29,12:18 PM,85,49.763
903,Hendrika,Challin,2019-12-02,1:32 AM,50,58.238
904,Rodolph,Bolzen,2019-11-28,3:23 PM,4,84.453
905,Tomasina,de Broke,2019-11-14,1:31 AM,94,83.755
906,Erin,Ballay,2019-10-02,2:24 AM,91,83.513
907,Lisabeth,Soigne,2019-11-20,6:01 AM,71,60.526
908,Bartolomeo,Treeby,2020-08-04,3:14 AM,17,11.254
909,Lezlie,Laxton,2020-02-18,5:11 AM,7,54.512
910,Beatrice,Mouat,2019-10-28,12:55 PM,83,84.6
911,Kala,Hatliffe,2020-05-31,1:52 AM,14,22.142
912,Sigismundo,Boyford,2020-06-15,5:31 PM,65,1.631
913,Cameron,Southon,2020-05-15,3:31 PM,26,4.84
914,Matthiew,Gatsby,2020-04-22,2:36 PM,11,24.275
915,Lissa,Wilcocke,2019-12-25,3:56 AM,65,62.952
916,Tine,Tremethack,2019-08-31,6:13 AM,18,91.812
917,Hasty,Minthorpe,2020-04-19,1:37 PM,100,1.68
918,Parrnell,Peres,2020-05-12,6:04 AM,83,63.724
919,Livvyy,MacGall,2020-06-30,11:37 AM,47,13.486
920,Gar,Judkin,2020-04-09,8:15 AM,56,70.664
921,Genny,Hearthfield,2020-02-29,11:26 PM,16,73.534
922,Chrysler,Waghorne,2020-06-03,5:48 AM,8,85.411
923,Nester,Grunnill,2020-01-31,2:20 AM,72,19.576
924,Quinn,Woolfenden,2020-05-29,2:43 AM,43,3.938
925,Hughie,Sprigg,2020-07-08,12:28 PM,54,42.082
926,Ede,Northing,2019-10-04,3:25 PM,10,85.106
927,Ced,Dillet,2020-03-31,12:27 PM,60,5.0
928,Nina,Cowle,2020-05-06,7:33 AM,85,89.408
929,Kial,Matusov,2019-09-15,5:38 AM,63,7.418
930,Bartolomeo,Bortoluzzi,2020-07-07,5:57 PM,14,86.809
931,Tammie,Sneyd,2019-10-20,3:38 AM,50,76.913
932,Arleen,Chastney,2019-11-26,1:14 AM,92,94.273
933,Callie,Aspinell,2020-05-27,10:00 PM,86,68.512
934,Zolly,Belch,2020-06-05,5:18 PM,30,20.26
935,Elissa,O'Hengerty,2020-02-03,2:06 PM,71,69.055
936,Nara,Linnemann,2020-03-30,7:37 PM,1,99.552
937,Euell,Count,2020-04-04,4:53 PM,17,29.381
938,Lynde,Dunnett,2019-10-13,6:01 AM,14,13.688
939,Minna,Busek,2020-06-23,1:18 AM,70,2.504
940,Barbee,Petracchi,2020-02-04,4:14 AM,40,22.364
941,Halimeda,Jobern,2019-11-28,8:35 AM,49,36.029
942,Dario,Cathie,2020-02-05,7:55 AM,20,49.275
943,Jeddy,Kiggel,2020-05-08,9:11 AM,40,97.143
944,Stu,Knappe,2020-01-28,4:57 AM,13,89.103
945,Audrey,Owbridge,2020-04-03,1:21 AM,46,72.403
946,Brantley,Mackison,2020-08-15,8:47 PM,43,56.826
947,Tallou,Dilke,2020-03-17,5:57 PM,45,78.955
948,Nataniel,Tattersdill,2019-11-20,3:36 PM,16,30.065
949,Jillana,Andor,2020-04-14,11:56 AM,64,95.969
950,Cate,Ziemke,2020-07-27,12:54 PM,65,62.401
951,Blondell,Greatex,2019-09-09,5:06 AM,13,87.508
952,Gray,Ambroziak,2020-02-12,1:21 PM,42,53.053
953,Elias,Swinbourne,2020-06-19,5:04 AM,39,48.852
954,Benjamin,Culp,2020-05-19,9:58 AM,48,8.865
955,Daven,Autin,2020-07-18,8:02 PM,10,28.371
956,Bev,Bibby,2020-05-09,11:55 AM,38,99.713
957,Berne,Sparwell,2020-04-11,7:38 PM,62,58.436
958,Merci,Birdfield,2019-11-24,8:33 AM,88,61.999
959,Witty,Soigoux,2019-11-12,8:06 PM,65,15.517
960,Jemmy,Grube,2019-11-11,10:07 AM,63,9.673
961,Jarid,McCorrie,2020-08-12,2:17 PM,71,52.294
962,Eveleen,Delamar,2020-03-10,5:38 PM,44,71.235
963,Illa,Downton,2020-03-24,10:19 PM,50,97.631
964,Fleur,Fletham,2020-03-19,3:33 PM,7,68.42
965,Gwenni,Hayfield,2019-10-25,1:25 PM,21,51.896
966,Sawyere,Brislane,2019-10-24,5:06 AM,24,80.955
967,Bibi,MacGaughey,2020-01-04,3:06 PM,59,65.237
968,Merwyn,Kenlin,2019-10-16,3:38 AM,89,8.841
969,Gaile,Stubbe,2020-07-15,11:18 PM,84,28.329
970,Nola,Monard,2020-05-06,10:34 AM,7,17.477
971,Dulcine,de Courcey,2020-01-06,5:37 PM,81,6.351
972,Coleen,Vasile,2020-06-07,4:28 PM,58,43.917
973,Marnie,Girodon,2020-03-06,9:44 PM,74,36.933
974,Zita,Doby,2019-12-22,6:08 PM,78,71.31
975,Irvine,Halfhide,2019-09-05,8:17 PM,56,30.14
976,Basil,Gellett,2020-03-03,3:33 AM,77,30.001
977,Birdie,Byrnes,2019-10-15,10:03 PM,59,2.364
978,Dicky,Kenshole,2020-01-13,6:43 PM,75,30.012
979,Bellanca,Spittle,2019-12-30,4:14 PM,81,7.021
980,Llywellyn,MacKaig,2020-05-05,4:18 AM,89,38.373
981,Nevin,Schwartz,2020-07-14,3:21 AM,76,40.526
982,Charleen,Parysowna,2019-12-27,5:59 PM,14,85.182
983,Drusilla,Mulvy,2020-01-28,6:37 PM,16,83.027
984,Betta,Mullord,2019-10-15,3:51 PM,25,55.818
985,Rodolfo,Inseal,2019-09-24,1:55 AM,7,56.76
986,Alfi,Canet,2019-08-24,11:55 PM,66,66.773
987,Orbadiah,Wainscot,2019-09-13,2:47 AM,23,52.823
988,Dominga,Muldoon,2019-12-01,6:09 PM,12,26.108
989,Gus,Leggitt,2020-07-20,11:12 PM,39,65.698
990,Levey,Brownjohn,2019-10-09,4:37 AM,50,48.698
991,Magdalena,Billett,2020-01-31,3:41 AM,77,36.712
992,Wolf,Gudge,2020-03-04,10:30 AM,93,3.406
993,Rog,Edgler,2020-01-29,7:37 PM,75,15.038
994,Anderson,Dunkley,2020-06-23,12:07 AM,47,50.505
995,Dulcy,Freckingham,2019-10-18,4:26 AM,36,70.066
996,Konstantine,Ondrousek,2020-02-04,4:05 AM,82,55.982
997,Elane,Iacovazzi,2020-03-17,11:15 PM,54,29.77
998,Judah,Duddell,2020-01-27,4:33 AM,65,84.281
999,Othilia,Frangleton,2020-06-04,10:55 AM,87,42.007
1000,Pia,Cicci,2019-10-08,1:38 PM,49,27.576
